{
    "name": "4FGL J2253.9+1609",
    "file": "4fgl_j2253.9+1609_loc.fits",
    "config": {
        "nstep": 5,
        "dtheta_max": 0.5,
        "free_background": false,
        "fix_shape": false,
        "free_radius": null,
        "update": true,
        "tsmap_fitter": "tsmap",
        "make_plots": true,
        "write_fits": true,
        "write_npy": true,
        "optimizer": {
            "optimizer": "MINUIT",
            "tol": 0.001,
            "max_iter": 100,
            "init_lambda": 0.0001,
            "retries": 3,
            "min_fit_quality": 2,
            "verbosity": 0
        },
        "use_cache": true,
        "prefix": ""
    },
    "ra": 343.5120701392721,
    "dec": 16.13204315704981,
    "glon": 86.12145633113703,
    "glat": -38.20870671389849,
    "xpix": 99.34857909651342,
    "ypix": 99.31443303122937,
    "deltax": -0.01514209034866525,
    "deltay": -0.01855669687706296,
    "skydir": "<SkyCoord (ICRS): (ra, dec) in deg\n    (343.51207014, 16.13204316)>",
    "ra_preloc": 343.4963073730469,
    "dec_preloc": 16.15060043334961,
    "glon_preloc": 86.11854044311247,
    "glat_preloc": -38.18486593770114,
    "ra_err": 0.07682422888041712,
    "dec_err": 0.07682422888041712,
    "glon_err": 0.07682422888041712,
    "glat_err": 0.07682422888041712,
    "pos_offset": 0.023950655752532305,
    "pos_err": 0.07682422888041712,
    "pos_r68": 0.11650971173710219,
    "pos_r95": 0.18802327844443514,
    "pos_r99": 0.2331460300706004,
    "pos_err_semimajor": 0.07682422888041712,
    "pos_err_semiminor": 0.07682422888041712,
    "pos_angle": 0.0,
    "pos_ecc": 0.0,
    "pos_ecc2": 0.0,
    "pos_gal_cov": [
        [
            0.005901962143070716,
            0.0
        ],
        [
            0.0,
            0.005901962143070716
        ]
    ],
    "pos_gal_corr": [
        [
            0.9999999999999999,
            0.0
        ],
        [
            0.0,
            0.9999999999999999
        ]
    ],
    "pos_cel_cov": [
        [
            0.005901962143070716,
            0.0
        ],
        [
            0.0,
            0.005901962143070716
        ]
    ],
    "pos_cel_corr": [
        [
            0.9999999999999999,
            0.0
        ],
        [
            0.0,
            0.9999999999999999
        ]
    ],
    "tsmap": "WcsNDMap\n\n\tgeom  : WcsGeom \n \taxes  : ['lon', 'lat']\n\tshape : (10, 10)\n\tndim  : 2\n\tunit  : \n\tdtype : float64\n",
    "tsmap_peak": "WcsNDMap\n\n\tgeom  : WcsGeom \n \taxes  : ['lon', 'lat']\n\tshape : (5, 5)\n\tndim  : 2\n\tunit  : \n\tdtype : float32\n",
    "loglike_init": -206581.6186341492,
    "loglike_base": -206581.61861912155,
    "loglike_loc": -206578.16846173166,
    "dloglike_loc": 3.4501573898887727,
    "fit_success": true,
    "fit_inbounds": true,
    "fit_init": {
        "fit_success": true,
        "fit_inbounds": true,
        "xpix": 99.41144789507365,
        "ypix": 99.37729620332706,
        "zoffset": 26402.87930352151,
        "peak_offset": 0.5582488651176928,
        "pos_err_semimajor": 0.006315308758197863,
        "pos_err_semiminor": 0.006240724346403715,
        "theta": 2.5642423361029074,
        "pos_angle": 146.92026350746332,
        "pos_err": 0.00627790579113306,
        "pos_r68": 0.00952091553273038,
        "pos_r95": 0.015364845776083425,
        "pos_r99": 0.019052177076039633,
        "ra": 343.50552585222545,
        "dec": 16.138329855513042,
        "glon": 86.1192434678504,
        "glat": -38.199987831689455,
        "pos_ecc": 0.15323418834337027,
        "pos_ecc2": 0.15506552733063533,
        "skydir": "<SkyCoord (ICRS): (ra, dec) in deg\n    (343.50552585, 16.13832986)>",
        "pos_gal_cov": [
            [
                3.9091965652811656e-05,
                -3.3908024961317953e-07
            ],
            [
                -3.3908024961317953e-07,
                3.9737799426355066e-05
            ]
        ],
        "pos_cel_cov": [
            [
                3.960414245443164e-05,
                -4.282889399362166e-07
            ],
            [
                -4.282889399362166e-07,
                3.9225622624735065e-05
            ]
        ],
        "pos_gal_corr": [
            [
                1.0,
                -0.008603136889142429
            ],
            [
                -0.008603136889142429,
                0.9999999999999997
            ]
        ],
        "pos_cel_corr": [
            [
                1.0,
                -0.0108662984610545
            ],
            [
                -0.0108662984610545,
                1.0
            ]
        ],
        "glon_err": 0.006252356807861468,
        "glat_err": 0.006303792463775681,
        "ra_err": 0.006293182220024432,
        "dec_err": 0.006263036214547627,
        "pos_offset": 0.015131985062671178,
        "loglike": 13201.439651760755
    },
    "fit_scan": {
        "fit_success": true,
        "fit_inbounds": true,
        "xpix": 99.34857909651342,
        "ypix": 99.31443303122937,
        "zoffset": 27987.968750000164,
        "peak_offset": 1.6711629088792312,
        "pos_err_semimajor": 0.07682422888041712,
        "pos_err_semiminor": 0.07682422888041712,
        "theta": 0.0,
        "pos_angle": 0.0,
        "pos_err": 0.07682422888041712,
        "pos_r68": 0.11650971173710219,
        "pos_r95": 0.18802327844443514,
        "pos_r99": 0.2331460300706004,
        "ra": 343.5120701392721,
        "dec": 16.13204315704981,
        "glon": 86.12145633113703,
        "glat": -38.20870671389849,
        "pos_ecc": 0.0,
        "pos_ecc2": 0.0,
        "skydir": "<SkyCoord (ICRS): (ra, dec) in deg\n    (343.51207014, 16.13204316)>",
        "pos_gal_cov": [
            [
                0.005901962143070716,
                0.0
            ],
            [
                0.0,
                0.005901962143070716
            ]
        ],
        "pos_cel_cov": [
            [
                0.005901962143070716,
                0.0
            ],
            [
                0.0,
                0.005901962143070716
            ]
        ],
        "pos_gal_corr": [
            [
                0.9999999999999999,
                0.0
            ],
            [
                0.0,
                0.9999999999999999
            ]
        ],
        "pos_cel_corr": [
            [
                0.9999999999999999,
                0.0
            ],
            [
                0.0,
                0.9999999999999999
            ]
        ],
        "glon_err": 0.07682422888041712,
        "glat_err": 0.07682422888041712,
        "ra_err": 0.07682422888041712,
        "dec_err": 0.07682422888041712,
        "pos_offset": 0.023950655752533828,
        "loglike": -206581.6192662531
    }
}