{
    "name": "4FGL J2253.9+1609",
    "ts": 24215.968344992783,
    "flux": 7.202164251890832e-07,
    "flux_err": 1.0900028901641696e-08,
    "eflux": 0.00021567712665401258,
    "eflux_err": 3.1919389031906164e-06,
    "flux_ul95": 7.325630168551621e-07,
    "spectrum_type": "PLSuperExpCutoff4",
    "spectral_pars": {
        "ExpfactorS": {
            "value": 1.9238669040872534,
            "error": 0.21877244398675408,
            "units": ""
        },
        "IndexS": {
            "value": 2.4668436639320657,
            "error": 0.015564941109462358,
            "units": ""
        },
        "Index2": {
            "value": 0.36940839886665344,
            "error": NaN,
            "units": ""
        },
        "Prefactor": {
            "value": 0.5881443174991082,
            "error": 0.010627052608310976,
            "units": ""
        },
        "Scale": {
            "value": 891.9072265625,
            "error": NaN,
            "units": ""
        }
    },
    "ra": 343.4963073730469,
    "dec": 16.15060043334961
}